{
  "name": "analytics",
  "main": "lib/index.js",
  "repo": "segmentio/analytics.js",
  "description": "The hassle-free way to integrate analytics into any web application.",
  "version": "2.11.0",
  "keywords": [
    "analytics",
    "analytics.js",
    "segment",
    "segment.io"
  ],
  "dependencies": {
    "component/each": "0.0.1",
    "segmentio/analytics.js-core": "^2.10.0",
    "segment-integrations/analytics.js-integration-adroll": "1.0.0",
    "segment-integrations/analytics.js-integration-adwords": "1.0.0",
    "segment-integrations/analytics.js-integration-alexa": "1.0.0",
    "segment-integrations/analytics.js-integration-amplitude": "1.0.0",
    "segment-integrations/analytics.js-integration-appcues": "1.0.0",
    "segment-integrations/analytics.js-integration-atatus": "1.0.0",
    "segment-integrations/analytics.js-integration-autosend": "1.0.0",
    "segment-integrations/analytics.js-integration-awesm": "1.0.0",
    "segment-integrations/analytics.js-integration-bing-ads": "1.0.0",
    "segment-integrations/analytics.js-integration-blueshift": "1.0.1",
    "segment-integrations/analytics.js-integration-bronto": "1.0.0",
    "segment-integrations/analytics.js-integration-bugherd": "1.0.0",
    "segment-integrations/analytics.js-integration-bugsnag": "1.0.0",
    "segment-integrations/analytics.js-integration-chameleon": "1.0.0",
    "segment-integrations/analytics.js-integration-chartbeat": "1.0.0",
    "segment-integrations/analytics.js-integration-clicktale": "1.0.0",
    "segment-integrations/analytics.js-integration-clicky": "1.0.0",
    "segment-integrations/analytics.js-integration-comscore": "1.0.0",
    "segment-integrations/analytics.js-integration-crazy-egg": "1.0.0",
    "segment-integrations/analytics.js-integration-curebit": "1.0.0",
    "segment-integrations/analytics.js-integration-customerio": "1.0.0",
    "segment-integrations/analytics.js-integration-drip": "1.0.0",
    "segment-integrations/analytics.js-integration-elevio": "1.0.0",
    "segment-integrations/analytics.js-integration-errorception": "1.0.0",
    "segment-integrations/analytics.js-integration-evergage": "1.0.0",
    "segment-integrations/analytics.js-integration-extole": "1.0.0",
    "segment-integrations/analytics.js-integration-facebook-conversion-tracking": "1.0.0",
    "segment-integrations/analytics.js-integration-facebook-custom-audiences": "1.0.0",
    "segment-integrations/analytics.js-integration-foxmetrics": "1.0.0",
    "segment-integrations/analytics.js-integration-frontleaf": "1.0.0",
    "segment-integrations/analytics.js-integration-fullstory": "1.0.1",
    "segment-integrations/analytics.js-integration-gauges": "1.0.0",
    "segment-integrations/analytics.js-integration-get-satisfaction": "1.0.0",
    "segment-integrations/analytics.js-integration-google-analytics": "1.0.0",
    "segment-integrations/analytics.js-integration-google-tag-manager": "1.0.0",
    "segment-integrations/analytics.js-integration-gosquared": "1.0.0",
    "segment-integrations/analytics.js-integration-heap": "1.0.0",
    "segment-integrations/analytics.js-integration-hellobar": "1.0.0",
    "segment-integrations/analytics.js-integration-hittail": "1.0.0",
    "segment-integrations/analytics.js-integration-hubspot": "1.0.0",
    "segment-integrations/analytics.js-integration-improvely": "1.0.0",
    "segment-integrations/analytics.js-integration-insidevault": "1.0.0",
    "segment-integrations/analytics.js-integration-inspectlet": "1.0.0",
    "segment-integrations/analytics.js-integration-intercom": "1.0.0",
    "segment-integrations/analytics.js-integration-keen-io": "1.0.0",
    "segment-integrations/analytics.js-integration-kenshoo": "1.0.1",
    "segment-integrations/analytics.js-integration-kissmetrics": "1.0.0",
    "segment-integrations/analytics.js-integration-klaviyo": "1.0.0",
    "segment-integrations/analytics.js-integration-livechat": "1.0.0",
    "segment-integrations/analytics.js-integration-lucky-orange": "1.0.0",
    "segment-integrations/analytics.js-integration-lytics": "1.0.0",
    "segment-integrations/analytics.js-integration-mixpanel": "1.0.1",
    "segment-integrations/analytics.js-integration-mojn": "1.0.0",
    "segment-integrations/analytics.js-integration-mouseflow": "1.0.0",
    "segment-integrations/analytics.js-integration-mousestats": "1.0.0",
    "segment-integrations/analytics.js-integration-navilytics": "1.0.0",
    "segment-integrations/analytics.js-integration-nudgespot": "1.0.0",
    "segment-integrations/analytics.js-integration-olark": "1.0.0",
    "segment-integrations/analytics.js-integration-optimizely": "1.0.1",
    "segment-integrations/analytics.js-integration-outbound": "1.0.0",
    "segment-integrations/analytics.js-integration-perfect-audience": "1.0.0",
    "segment-integrations/analytics.js-integration-pingdom": "1.0.0",
    "segment-integrations/analytics.js-integration-piwik": "1.0.0",
    "segment-integrations/analytics.js-integration-preact": "1.0.0",
    "segment-integrations/analytics.js-integration-qualaroo": "1.0.0",
    "segment-integrations/analytics.js-integration-quantcast": "1.0.0",
    "segment-integrations/analytics.js-integration-rollbar": "1.0.0",
    "segment-integrations/analytics.js-integration-route": "1.0.0",
    "segment-integrations/analytics.js-integration-saasquatch": "1.0.0",
    "segment-integrations/analytics.js-integration-satismeter": "1.0.0",
    "segment-integrations/analytics.js-integration-segmentio": "1.0.0",
    "segment-integrations/analytics.js-integration-sentry": "1.0.0",
    "segment-integrations/analytics.js-integration-snapengage": "1.0.0",
    "segment-integrations/analytics.js-integration-spinnakr": "1.0.0",
    "segment-integrations/analytics.js-integration-supporthero": "1.0.0",
    "segment-integrations/analytics.js-integration-taplytics": "1.0.0",
    "segment-integrations/analytics.js-integration-tapstream": "1.0.0",
    "segment-integrations/analytics.js-integration-trakio": "1.0.0",
    "segment-integrations/analytics.js-integration-twitter-ads": "1.0.0",
    "segment-integrations/analytics.js-integration-userlike": "1.0.0",
    "segment-integrations/analytics.js-integration-uservoice": "1.0.0",
    "segment-integrations/analytics.js-integration-vero": "1.0.0",
    "segment-integrations/analytics.js-integration-visual-website-optimizer": "1.0.0",
    "segment-integrations/analytics.js-integration-webengage": "1.0.0",
    "segment-integrations/analytics.js-integration-woopra": "1.0.0",
    "segment-integrations/analytics.js-integration-wootric": "1.0.0",
    "segment-integrations/analytics.js-integration-yandex-metrica": "1.0.0"
  }
}
